sample-id	actual_depth	altitude	anonymized_name	Assay Type	assigned_from_geo	AvgSpotLen	barcode (exp)	Bases	beam_transmission	BioProject	BioSample	Bytes	center_name (exp)	Center Name	center_project_name (exp)	collection_timestamp	common_name	Conductivity	Consent	COUNTRY	DATASTORE filetype	DATASTORE provider	DATASTORE region	diss_oxygen	dna_extracted	elevation	emp_status (exp)	ENA-FIRST-PUBLIC (run)	ENA_first_public	ENA-LAST-UPDATE (run)	ENA_last_update	env_biome	env_feature	env_material	env_matter	Env_package	Experiment	external_id	extracted_dna_avail_now	fluorescence_seapoint	host_subject_id	illumina_technology (exp)	INSDC_center_alias	INSDC_center_name	INSDC_first_public	INSDC_last_update	INSDC_status	Instrument	latitude	Library Name	LibraryLayout	LibrarySelection	LibrarySource	linker (exp)	longitude	nitrogen_saturation	Organism	pcr_primers (exp)	ph	physical_specimen_location	physical_specimen_remaining	Platform	pressure_digiquartz	primer (exp)	public	ReleaseDate	required_sample_info_status	run_center (exp)	run_date (exp)	create_date	version	run_prefix (exp)	Salinity	samp_size (exp)	samp_store_dur	samp_store_temp	sample_center (exp)	Sample Name	Sample_name	sample_progress	sample_type	sequencing_meth (exp)	spar_surface_irradiance	SRA Study	study_center (exp)	Submitter_Id	target_gene (exp)	target_subfragment (exp)	temp	Depth	geo_loc_name	basin	filter_poresize	geo_loc_name_country	geo_loc_name_country_continent	lake	oxygen_mg_per_l	oxygen_percent	oxygen	ph_meth	salinity_psu	secchi_depth	temperature_deg_c	ENA-FIRST-PUBLIC	ENA-LAST-UPDATE	Scientific_Name
ERR1535953	10.086	0.0	M041-10	OTHER	True	147	GATCAACCCACA	8132788	95.0453	PRJEB14819	SAMEA4083318	5468647	ANL	UNIVERSITY OF CALIFORNIA SAN DIEGO MICROBIOME INIT	Rockne_GreatLakesmicrobialdiversity	8/24/2011	freshwater metagenome	0.172096	public	USA: GAZ	fastq,run.zq,sra	ena,gs,ncbi,s3	ena,gs.us-east1,ncbi.public,s3.us-east-1	9.01798	True	98.61	EMP	7/18/2016	7/18/2016	11/16/2018	7/17/2016	large lake biome	freshwater lake	freshwater	freshwater	water	ERX1606781	SAMEA4083318	False	6.26	M041.10	HiSeq	UCSDMI	University of California San Diego Microbiome Initiative	2016-07-18T17:01:25Z	2016-07-17T05:46:35Z	public	Illumina HiSeq 2000	44.737	1041.M041.10	SINGLE	PCR	METAGENOMIC	GT	-86.721	16.80605	freshwater metagenome	FWD:GTGCCAGCMGCCGCGGTAA; REV:GGACTACHVGGGTWTCTAAT	8.158	UIC, Prof. Rockne Lab	True	ILLUMINA	9.891	GTGTGCCAGCMGCCGCGGTAA	True	2016-07-19T00:00:00Z	completed	ANL	8/14/2012	2016-10-05T06:40:00Z	2	lane1_NoIndex_L001	0.1361	.1,g	6 months	-80.0	ANL	SAMEA4083318	qiita_sid_1041:1041.M041.10	sequenced (16S)	fresh water	Sequencing by synthesis	1.97	ERP016492	CCME	qiita_sid_1041:1041.M041.10	16S rRNA	V4	3.5808	10	United States:Lake Superior															
ERR1535957	20.046	0.0	M041-20	OTHER	True	147	ATGCGAGACTTC	9601067	95.1735	PRJEB14819	SAMEA4083322	6453612	ANL	UNIVERSITY OF CALIFORNIA SAN DIEGO MICROBIOME INIT	Rockne_GreatLakesmicrobialdiversity	8/24/2011	freshwater metagenome	0.172187	public	USA: GAZ	fastq,run.zq,sra	ena,gs,ncbi,s3	ena,gs.us-east1,ncbi.public,s3.us-east-1	9.02034	True	98.61	EMP	7/18/2016	7/18/2016	11/16/2018	7/17/2016	large lake biome	freshwater lake	freshwater	freshwater	water	ERX1606785	SAMEA4083322	False	6.52	M041.20	HiSeq	UCSDMI	University of California San Diego Microbiome Initiative	2016-07-18T17:01:25Z	2016-07-17T05:46:35Z	public	Illumina HiSeq 2000	44.737	1041.M041.20	SINGLE	PCR	METAGENOMIC	GT	-86.721	16.81272	freshwater metagenome	FWD:GTGCCAGCMGCCGCGGTAA; REV:GGACTACHVGGGTWTCTAAT	8.188	UIC, Prof. Rockne Lab	True	ILLUMINA	19.659	GTGTGCCAGCMGCCGCGGTAA	True	2016-07-19T00:00:00Z	completed	ANL	8/14/2012	2016-10-05T06:41:00Z	2	lane1_NoIndex_L001	0.1362	.1,g	6 months	-80.0	ANL	SAMEA4083322	qiita_sid_1041:1041.M041.20	sequenced (16S)	fresh water	Sequencing by synthesis	1.97	ERP016492	CCME	qiita_sid_1041:1041.M041.20	16S rRNA	V4	3.5646	20	United States:Lake Superior															
ERR1535960	5.079	0.0	M041-5	OTHER	True	147	ACTAGTTGGACC	9646649	95.0197	PRJEB14819	SAMEA4083325	6476244	ANL	UNIVERSITY OF CALIFORNIA SAN DIEGO MICROBIOME INIT	Rockne_GreatLakesmicrobialdiversity	8/24/2011	freshwater metagenome	0.172065	public	USA: GAZ	fastq,run.zq,sra	ena,gs,ncbi,s3	ena,gs.us-east1,ncbi.public,s3.us-east-1	8.99161	True	98.61	EMP	7/18/2016	7/18/2016	11/16/2018	7/17/2016	large lake biome	freshwater lake	freshwater	freshwater	water	ERX1606788	SAMEA4083325	False	6.89	M041.5	HiSeq	UCSDMI	University of California San Diego Microbiome Initiative	2016-07-18T17:01:25Z	2016-07-17T05:46:35Z	public	Illumina HiSeq 2000	44.737	1041.M041.5	SINGLE	PCR	METAGENOMIC	GT	-86.721	16.80335	freshwater metagenome	FWD:GTGCCAGCMGCCGCGGTAA; REV:GGACTACHVGGGTWTCTAAT	8.133	UIC, Prof. Rockne Lab	True	ILLUMINA	4.981	GTGTGCCAGCMGCCGCGGTAA	True	2016-07-19T00:00:00Z	completed	ANL	8/14/2012	2016-10-05T06:41:00Z	1	lane1_NoIndex_L001	0.1361	.1,g	6 months	-80.0	ANL	SAMEA4083325	qiita_sid_1041:1041.M041.5	sequenced (16S)	fresh water	Sequencing by synthesis	1.97	ERP016492	CCME	qiita_sid_1041:1041.M041.5	16S rRNA	V4	3.5874	5	United States:Lake Superior															
ERR1535961	50.0	0.0	M041-50	OTHER	True	147	CGCTTGTGTAGC	5876537	95.1222	PRJEB14819	SAMEA4083326	3991468	ANL	UNIVERSITY OF CALIFORNIA SAN DIEGO MICROBIOME INIT	Rockne_GreatLakesmicrobialdiversity	8/24/2011	freshwater metagenome	0.172127	public	USA: GAZ	fastq,run.zq,sra	ena,gs,ncbi,s3	ena,gs.us-east1,ncbi.public,s3.us-east-1	9.01692	True	92.7	EMP	7/18/2016	7/18/2016	11/16/2018	7/17/2016	large lake biome	freshwater lake	freshwater	freshwater	water	ERX1606789	SAMEA4083326	False	6.7	M041.50	HiSeq	UCSDMI	University of California San Diego Microbiome Initiative	2016-07-18T17:01:25Z	2016-07-17T05:46:35Z	public	Illumina HiSeq 2000	44.737	1041.M041.50	SINGLE	PCR	METAGENOMIC	GT	-86.721	16.81415	freshwater metagenome	FWD:GTGCCAGCMGCCGCGGTAA; REV:GGACTACHVGGGTWTCTAAT	8.198	UIC, Prof. Rockne Lab	True	ILLUMINA	49.034	GTGTGCCAGCMGCCGCGGTAA	True	2016-07-19T00:00:00Z	completed	ANL	8/14/2012	2016-10-05T06:41:00Z	2	lane1_NoIndex_L001	0.1361	.1,g	6 months	-80.0	ANL	SAMEA4083326	qiita_sid_1041:1041.M041.50	sequenced (16S)	fresh water	Sequencing by synthesis	1.97	ERP016492	CCME	qiita_sid_1041:1041.M041.50	16S rRNA	V4	3.5612	50	United States:Lake Superior															
ERR1535962	10.017	0.0	S001-10	OTHER	True	148	GGCTCAGATTCC	4680947	94.9172	PRJEB14819	SAMEA4083327	3155167	ANL	UNIVERSITY OF CALIFORNIA SAN DIEGO MICROBIOME INIT	Rockne_GreatLakesmicrobialdiversity	8/25/2011	freshwater metagenome	0.056749	public	USA: GAZ	fastq,run.zq,sra	ena,gs,ncbi,s3	ena,gs.us-east1,ncbi.public,s3.us-east-1	9.37238	True	87.57	EMP	7/18/2016	7/18/2016	11/16/2018	7/17/2016	large lake biome	freshwater lake	freshwater	freshwater	water	ERX1606790	SAMEA4083327	False	8.21	S001.10	HiSeq	UCSDMI	University of California San Diego Microbiome Initiative	2016-07-18T17:01:25Z	2016-07-17T05:46:35Z	public	Illumina HiSeq 2000	46.993	1041.S001.10	SINGLE	PCR	METAGENOMIC	GT	-85.161	17.26275	freshwater metagenome	FWD:GTGCCAGCMGCCGCGGTAA; REV:GGACTACHVGGGTWTCTAAT	7.702	UIC, Prof. Rockne Lab	True	ILLUMINA	9.823	GTGTGCCAGCMGCCGCGGTAA	True	2016-07-19T00:00:00Z	completed	ANL	8/14/2012	2016-10-05T06:41:00Z	2	lane1_NoIndex_L001	0.0441	.1,g	6 months	-80.0	ANL	SAMEA4083327	qiita_sid_1041:1041.S001.10	sequenced (16S)	fresh water	Sequencing by synthesis	19.7	ERP016492	CCME	qiita_sid_1041:1041.S001.10	16S rRNA	V4	2.525	10	United States:Lake Superior															
ERR1535968	10.043	0.0	S008-10	OTHER	True	148	CGATTAGGAATC	11104685	96.2244	PRJEB14819	SAMEA4083333	7455102	ANL	UNIVERSITY OF CALIFORNIA SAN DIEGO MICROBIOME INIT	Rockne_GreatLakesmicrobialdiversity	8/25/2011	freshwater metagenome	0.05681	public	USA: GAZ	fastq,run.zq,sra	ena,gs,ncbi,s3	ena,gs.us-east1,ncbi.public,s3.us-east-1	9.17197	True	98.61	EMP	7/18/2016	7/18/2016	11/16/2018	7/17/2016	large lake biome	freshwater lake	freshwater	freshwater	water	ERX1606796	SAMEA4083333	False	4.1	S008.10	HiSeq	UCSDMI	University of California San Diego Microbiome Initiative	2016-07-18T17:01:25Z	2016-07-17T05:46:35Z	public	Illumina HiSeq 2000	47.606	1041.S008.10	SINGLE	PCR	METAGENOMIC	GT	-86.818	17.14953	freshwater metagenome	FWD:GTGCCAGCMGCCGCGGTAA; REV:GGACTACHVGGGTWTCTAAT	7.762	UIC, Prof. Rockne Lab	True	ILLUMINA	9.849	GTGTGCCAGCMGCCGCGGTAA	True	2016-07-19T00:00:00Z	completed	ANL	8/14/2012	2016-10-05T06:41:00Z	1	lane1_NoIndex_L001	0.0439	.1,g	6 months	-80.0	ANL	SAMEA4083333	qiita_sid_1041:1041.S008.10	sequenced (16S)	fresh water	Sequencing by synthesis	1860.0	ERP016492	CCME	qiita_sid_1041:1041.S008.10	16S rRNA	V4	2.7887	10	United States:Lake Superior															
ERR1535976	50.033	0.0	S008-50	OTHER	True	148	TAGTAGCACCTG	9673513	96.1218	PRJEB14819	SAMEA4083341	6496043	ANL	UNIVERSITY OF CALIFORNIA SAN DIEGO MICROBIOME INIT	Rockne_GreatLakesmicrobialdiversity	8/25/2011	freshwater metagenome	0.057472	public	USA: GAZ	fastq,run.zq,sra	ena,gs,ncbi,s3	ena,gs.us-east1,ncbi.public,s3.us-east-1	9.19945	True	71.58	EMP	7/18/2016	7/18/2016	11/16/2018	7/17/2016	large lake biome	freshwater lake	freshwater	freshwater	water	ERX1606804	SAMEA4083341	False	5.97	S008.50	HiSeq	UCSDMI	University of California San Diego Microbiome Initiative	2016-07-18T17:01:25Z	2016-07-17T05:46:36Z	public	Illumina HiSeq 2000	47.606	1041.S008.50	SINGLE	PCR	METAGENOMIC	GT	-86.818	17.14447	freshwater metagenome	FWD:GTGCCAGCMGCCGCGGTAA; REV:GGACTACHVGGGTWTCTAAT	7.852	UIC, Prof. Rockne Lab	True	ILLUMINA	49.066	GTGTGCCAGCMGCCGCGGTAA	True	2016-07-19T00:00:00Z	completed	ANL	8/14/2012	2016-10-05T06:42:00Z	2	lane1_NoIndex_L001	0.0444	.1,g	6 months	-80.0	ANL	SAMEA4083341	qiita_sid_1041:1041.S008.50	sequenced (16S)	fresh water	Sequencing by synthesis	1790.0	ERP016492	CCME	qiita_sid_1041:1041.S008.50	16S rRNA	V4	2.8005	50	United States:Lake Superior															
ERR1535977	10.013	0.0	S019-10	OTHER	True	148	TGGAAACCATTG	7332093	94.9684	PRJEB14819	SAMEA4083342	4898809	ANL	UNIVERSITY OF CALIFORNIA SAN DIEGO MICROBIOME INIT	Rockne_GreatLakesmicrobialdiversity	8/26/2011	freshwater metagenome	0.05684	public	USA: GAZ	fastq,run.zq,sra	ena,gs,ncbi,s3	ena,gs.us-east1,ncbi.public,s3.us-east-1	9.3297	True	98.61	EMP	7/18/2016	7/18/2016	11/16/2018	7/17/2016	large lake biome	freshwater lake	freshwater	freshwater	water	ERX1606805	SAMEA4083342	False	3.88	S019.10	HiSeq	UCSDMI	University of California San Diego Microbiome Initiative	2016-07-18T17:01:25Z	2016-07-17T05:46:36Z	public	Illumina HiSeq 2000	47.371	1041.S019.10	SINGLE	PCR	METAGENOMIC	GT	-90.854	17.24922	freshwater metagenome	FWD:GTGCCAGCMGCCGCGGTAA; REV:GGACTACHVGGGTWTCTAAT	7.817	UIC, Prof. Rockne Lab	True	ILLUMINA	9.819	GTGTGCCAGCMGCCGCGGTAA	True	2016-07-19T00:00:00Z	completed	ANL	8/14/2012	2016-10-05T06:42:00Z	1	lane1_NoIndex_L001	0.0442	.1,g	6 months	-80.0	ANL	SAMEA4083342	qiita_sid_1041:1041.S019.10	sequenced (16S)	fresh water	Sequencing by synthesis	1600.0	ERP016492	CCME	qiita_sid_1041:1041.S019.10	16S rRNA	V4	2.5563	10	United States:Lake Superior															
ERR1896636			P1.A11	OTHER		146	GGAACGACGTGA	5883521		PRJEB20123	SAMEA103937906	4593421	ANL	UNIVERSITY OF CALIFORNIA SAN DIEGO MICROBIOME INIT	Routine samples of German Lakes	2004-08-14		301.0	public		fastq,run.zq,sra	ena,gs,ncbi,s3	ena,gs.us-east1,ncbi.public,s3.us-east-1		True	88.35		2017-08-24		2018-11-16		large lake biome	freshwater lake	fresh water		water	ERX1957026	SAMEA103937906	True		P1.A11	HiSeq		UCSDMI	2017-03-24T13:18:42Z	2017-03-23T15:45:44Z	public	Illumina HiSeq 2000	53.167	945.P1.A11.lane2.NoIndex.L002	SINGLE	PCR	METAGENOMIC	GT	13.033		freshwater metagenome	FWD:GTGCCAGCMGCCGCGGTAA; REV:GGACTACHVGGGTWTCTAAT	8.08	ANL	True	ILLUMINA		GTGTGCCAGCMGCCGCGGTAA	True	2017-03-31T00:00:00Z		CCME	2012	2017-03-31T15:36:00Z	1	lane2_NoIndex_L002		.1,g			ANL	SAMEA103937906	qiita_sid_945:945.P1.A11.lane2.NoIndex.L002		fresh water	Sequencing by synthesis		ERP022245		qiita_sid_945:945.P1.A11.lane2.NoIndex.L002	16S rRNA	V4	5.5	0-10	Germany:Stechlin Lake	deepest point	0.5micron	Germany	Europe	Stechlin	10.9	86.0	10.9	Missing: Not provided	Missing: Not provided	10.35	5.5	2017-03-24T13:18:42Z	2017-03-23T15:45:44Z	freshwater metagenome
ERR1896653			P1.B8	OTHER		146	ATTATACGGCGC	5908516		PRJEB20123	SAMEA103937923	4613059	ANL	UNIVERSITY OF CALIFORNIA SAN DIEGO MICROBIOME INIT	Routine samples of German Lakes	2004-08-07		301.0	public		fastq,run.zq,sra	ena,gs,ncbi,s3	ena,gs.us-east1,ncbi.public,s3.us-east-1		True	88.35		2017-08-24		2018-11-16		large lake biome	freshwater lake	fresh water		water	ERX1957043	SAMEA103937923	True		P1.B8	HiSeq		UCSDMI	2017-03-24T13:18:42Z	2017-03-23T15:45:45Z	public	Illumina HiSeq 2000	53.167	945.P1.B8.lane2.NoIndex.L002	SINGLE	PCR	METAGENOMIC	GT	13.033		freshwater metagenome	FWD:GTGCCAGCMGCCGCGGTAA; REV:GGACTACHVGGGTWTCTAAT	8.55	ANL	True	ILLUMINA		GTGTGCCAGCMGCCGCGGTAA	True	2017-03-31T00:00:00Z		CCME	2012	2017-03-31T15:38:00Z	1	lane2_NoIndex_L002		.1,g			ANL	SAMEA103937923	qiita_sid_945:945.P1.B8.lane2.NoIndex.L002		fresh water	Sequencing by synthesis		ERP022245		qiita_sid_945:945.P1.B8.lane2.NoIndex.L002	16S rRNA	V4	17.1	0-5	Germany:Stechlin Lake	deepest point	0.2micron	Germany	Europe	Stechlin	10.2	105.0	10.2	Missing: Not provided	Missing: Not provided	8.6	17.1	2017-03-24T13:18:42Z	2017-03-23T15:45:45Z	freshwater metagenome
ERR1896667			P1.D2	OTHER		147	TTCCACACGTGG	6431882		PRJEB20123	SAMEA103937937	4992301	ANL	UNIVERSITY OF CALIFORNIA SAN DIEGO MICROBIOME INIT	Routine samples of German Lakes	2003-08-07		287.0	public		fastq,run.zq,sra	ena,gs,ncbi,s3	ena,gs.us-east1,ncbi.public,s3.us-east-1		True	88.35		2017-08-24		2018-11-16		large lake biome	freshwater lake	fresh water		water	ERX1957057	SAMEA103937937	True		P1.D2	HiSeq		UCSDMI	2017-03-24T13:18:42Z	2017-03-23T15:45:45Z	public	Illumina HiSeq 2000	53.167	945.P1.D2.lane2.NoIndex.L002	SINGLE	PCR	METAGENOMIC	GT	13.033		freshwater metagenome	FWD:GTGCCAGCMGCCGCGGTAA; REV:GGACTACHVGGGTWTCTAAT	8.0	ANL	True	ILLUMINA		GTGTGCCAGCMGCCGCGGTAA	True	2017-03-31T00:00:00Z		CCME	2012	2017-03-31T15:40:00Z	1	lane2_NoIndex_L002		.1,g			ANL	SAMEA103937937	qiita_sid_945:945.P1.D2.lane2.NoIndex.L002		fresh water	Sequencing by synthesis		ERP022245		qiita_sid_945:945.P1.D2.lane2.NoIndex.L002	16S rRNA	V4	4.5	40	Germany:Stechlin Lake	deepest point	0.2micron	Germany	Europe	Stechlin	12.1	93.0	12.1	Missing: Not provided	Missing: Not provided	7.9	4.5	2017-03-24T13:18:42Z	2017-03-23T15:45:45Z	freshwater metagenome
ERR1896681			P1.E7	OTHER		145	ATAAAGAGGAGG	6350115		PRJEB20123	SAMEA103937951	5009898	ANL	UNIVERSITY OF CALIFORNIA SAN DIEGO MICROBIOME INIT	Routine samples of German Lakes	2004-08-27		302.0	public		fastq,run.zq,sra	ena,gs,ncbi,s3	ena,gs.us-east1,ncbi.public,s3.us-east-1		True	88.35		2017-08-24		2018-11-16		large lake biome	freshwater lake	fresh water		water	ERX1957071	SAMEA103937951	True		P1.E7	HiSeq		UCSDMI	2017-03-24T13:18:42Z	2017-03-23T15:45:45Z	public	Illumina HiSeq 2000	53.167	945.P1.E7.lane2.NoIndex.L002	SINGLE	PCR	METAGENOMIC	GT	13.033		freshwater metagenome	FWD:GTGCCAGCMGCCGCGGTAA; REV:GGACTACHVGGGTWTCTAAT	8.48	ANL	True	ILLUMINA		GTGTGCCAGCMGCCGCGGTAA	True	2017-03-31T00:00:00Z		CCME	2012	2017-03-31T15:42:00Z	1	lane2_NoIndex_L002		.1,g			ANL	SAMEA103937951	qiita_sid_945:945.P1.E7.lane2.NoIndex.L002		fresh water	Sequencing by synthesis		ERP022245		qiita_sid_945:945.P1.E7.lane2.NoIndex.L002	16S rRNA	V4	10.5	0-10	Germany:Stechlin Lake	deepest point	0.5micron	Germany	Europe	Stechlin	11.9	107.0	11.9	Missing: Not provided	Missing: Not provided	8.3	10.5	2017-03-24T13:18:42Z	2017-03-23T15:45:45Z	freshwater metagenome
ERR1896688			P1.F2	OTHER		147	GTAGTGTCAACA	6085493		PRJEB20123	SAMEA103937958	4700023	ANL	UNIVERSITY OF CALIFORNIA SAN DIEGO MICROBIOME INIT	Routine samples of German Lakes	2003-08-12		286.0	public		fastq,run.zq,sra	ena,gs,ncbi,s3	ena,gs.us-east1,ncbi.public,s3.us-east-1		True	88.35		2017-08-24		2018-11-16		large lake biome	freshwater lake	fresh water		water	ERX1957078	SAMEA103937958	True		P1.F2	HiSeq		UCSDMI	2017-03-24T13:18:42Z	2017-03-23T15:45:45Z	public	Illumina HiSeq 2000	53.167	945.P1.F2.lane2.NoIndex.L002	SINGLE	PCR	METAGENOMIC	GT	13.033		freshwater metagenome	FWD:GTGCCAGCMGCCGCGGTAA; REV:GGACTACHVGGGTWTCTAAT	8.53	ANL	True	ILLUMINA		GTGTGCCAGCMGCCGCGGTAA	True	2017-03-31T00:00:00Z		CCME	2012	2017-03-31T15:43:00Z	1	lane2_NoIndex_L002		.1,g			ANL	SAMEA103937958	qiita_sid_945:945.P1.F2.lane2.NoIndex.L002		fresh water	Sequencing by synthesis		ERP022245		qiita_sid_945:945.P1.F2.lane2.NoIndex.L002	16S rRNA	V4	21.2	0-5	Germany:Stechlin Lake	deepest point	0.2micron	Germany	Europe	Stechlin	9.3	104.0	9.3	Missing: Not provided	Missing: Not provided	8.8	21.2	2017-03-24T13:18:42Z	2017-03-23T15:45:45Z	freshwater metagenome
ERR1896712			P1.H2	OTHER		147	CGTATAAATGCG	6246888		PRJEB20123	SAMEA103937982	4693221	ANL	UNIVERSITY OF CALIFORNIA SAN DIEGO MICROBIOME INIT	Routine samples of German Lakes	2003-08-12		288.0	public		fastq,run.zq,sra	ena,gs,ncbi,s3	ena,gs.us-east1,ncbi.public,s3.us-east-1		True	88.35		2017-08-24		2018-11-16		large lake biome	freshwater lake	fresh water		water	ERX1957102	SAMEA103937982	True		P1.H2	HiSeq		UCSDMI	2017-03-24T13:18:42Z	2017-03-23T15:45:46Z	public	Illumina HiSeq 2000	53.167	945.P1.H2.lane2.NoIndex.L002	SINGLE	PCR	METAGENOMIC	GT	13.033		freshwater metagenome	FWD:GTGCCAGCMGCCGCGGTAA; REV:GGACTACHVGGGTWTCTAAT	8.03	ANL	True	ILLUMINA		GTGTGCCAGCMGCCGCGGTAA	True	2017-03-31T00:00:00Z		CCME	2012	2017-03-31T15:46:00Z	1	lane2_NoIndex_L002		.1,g			ANL	SAMEA103937982	qiita_sid_945:945.P1.H2.lane2.NoIndex.L002		fresh water	Sequencing by synthesis		ERP022245		qiita_sid_945:945.P1.H2.lane2.NoIndex.L002	16S rRNA	V4	4.6	40	Germany:Stechlin Lake	deepest point	0.2micron	Germany	Europe	Stechlin	10.3	79.0	10.3	Missing: Not provided	Missing: Not provided	8.8	4.6	2017-03-24T13:18:42Z	2017-03-23T15:45:46Z	freshwater metagenome
ERR1896717			P1.H7	OTHER		147	GCTTCCAGACAA	6367899		PRJEB20123	SAMEA103937987	4939999	ANL	UNIVERSITY OF CALIFORNIA SAN DIEGO MICROBIOME INIT	Routine samples of German Lakes	2004-08-27		303.0	public		fastq,run.zq,sra	ena,gs,ncbi,s3	ena,gs.us-east1,ncbi.public,s3.us-east-1		True	88.35		2017-08-24		2018-11-16		large lake biome	freshwater lake	fresh water		water	ERX1957107	SAMEA103937987	True		P1.H7	HiSeq		UCSDMI	2017-03-24T13:18:42Z	2017-03-23T15:45:46Z	public	Illumina HiSeq 2000	53.167	945.P1.H7.lane2.NoIndex.L002	SINGLE	PCR	METAGENOMIC	GT	13.033		freshwater metagenome	FWD:GTGCCAGCMGCCGCGGTAA; REV:GGACTACHVGGGTWTCTAAT	8.09	ANL	True	ILLUMINA		GTGTGCCAGCMGCCGCGGTAA	True	2017-03-31T00:00:00Z		CCME	2012	2017-03-31T15:46:00Z	1	lane2_NoIndex_L002		.1,g			ANL	SAMEA103937987	qiita_sid_945:945.P1.H7.lane2.NoIndex.L002		fresh water	Sequencing by synthesis		ERP022245		qiita_sid_945:945.P1.H7.lane2.NoIndex.L002	16S rRNA	V4	4.4	40	Germany:Stechlin Lake	deepest point	0.2micron	Germany	Europe	Stechlin	12.0	92.0	12.0	Missing: Not provided	Missing: Not provided	8.3	4.4	2017-03-24T13:18:42Z	2017-03-23T15:45:46Z	freshwater metagenome
ERR1896795			P11.A2	OTHER		145	GCTACTGGTATG	5653642		PRJEB20123	SAMEA103938065	4621836	ANL	UNIVERSITY OF CALIFORNIA SAN DIEGO MICROBIOME INIT	Routine samples of German Lakes	2005-08-17		601.0	public		fastq,run.zq,sra	ena,gs,ncbi,s3	ena,gs.us-east1,ncbi.public,s3.us-east-1		True	78.28		2017-08-24		2018-11-16		large lake biome	freshwater lake	fresh water		water	ERX1957185	SAMEA103938065	True		P11.A2	HiSeq		UCSDMI	2017-03-24T13:18:42Z	2017-03-23T15:45:48Z	public	Illumina HiSeq 2000	53.517	945.P11.A2.lane3.NoIndex.L003	SINGLE	PCR	METAGENOMIC	GT	12.7		freshwater metagenome	FWD:GTGCCAGCMGCCGCGGTAA; REV:GGACTACHVGGGTWTCTAAT	8.31	ANL	True	ILLUMINA		GTGTGCCAGCMGCCGCGGTAA	True	2017-03-31T00:00:00Z		CCME	2012	2017-03-31T15:55:00Z	1	lane3_NoIndex_L003		.1,g			ANL	SAMEA103938065	qiita_sid_945:945.P11.A2.lane3.NoIndex.L003		fresh water	Sequencing by synthesis		ERP022245		qiita_sid_945:945.P11.A2.lane3.NoIndex.L003	16S rRNA	V4	14.0	0-10	Germany:Lake Tiefwaren Lake	deepest point	0.5micron	Germany	Europe	Lake Tiefwaren	9.0	86.0	9.0	Missing: Not provided	Missing: Not provided	6.3	14.0	2017-03-24T13:18:42Z	2017-03-23T15:45:48Z	freshwater metagenome
ERR1896796			P11.A4	OTHER		147	TGGGACATATCC	5964521		PRJEB20123	SAMEA103938066	4846172	ANL	UNIVERSITY OF CALIFORNIA SAN DIEGO MICROBIOME INIT	Routine samples of German Lakes	2006-08-22		581.0	public		fastq,run.zq,sra	ena,gs,ncbi,s3	ena,gs.us-east1,ncbi.public,s3.us-east-1		True	78.28		2017-08-24		2018-11-16		large lake biome	freshwater lake	fresh water		water	ERX1957186	SAMEA103938066	True		P11.A4	HiSeq		UCSDMI	2017-03-24T13:18:42Z	2017-03-23T15:45:48Z	public	Illumina HiSeq 2000	53.517	945.P11.A4.lane3.NoIndex.L003	SINGLE	PCR	METAGENOMIC	GT	12.7		freshwater metagenome	FWD:GTGCCAGCMGCCGCGGTAA; REV:GGACTACHVGGGTWTCTAAT	8.51	ANL	True	ILLUMINA		GTGTGCCAGCMGCCGCGGTAA	True	2017-03-31T00:00:00Z		CCME	2012	2017-03-31T15:55:00Z	1	lane3_NoIndex_L003		.1,g			ANL	SAMEA103938066	qiita_sid_945:945.P11.A4.lane3.NoIndex.L003		fresh water	Sequencing by synthesis		ERP022245		qiita_sid_945:945.P11.A4.lane3.NoIndex.L003	16S rRNA	V4	20.1	0-5	Germany:Lake Tiefwaren Lake	deepest point	0.5micron	Germany	Europe	Lake Tiefwaren	9.0	100.0	9.0	Missing: Not provided	Missing: Not provided	4.5	20.1	2017-03-24T13:18:42Z	2017-03-23T15:45:48Z	freshwater metagenome
ERR1896805			P11.B2	OTHER		146	GAATCCTCACCG	5719157		PRJEB20123	SAMEA103938075	4574926	ANL	UNIVERSITY OF CALIFORNIA SAN DIEGO MICROBIOME INIT	Routine samples of German Lakes	2005-08-17		601.0	public		fastq,run.zq,sra	ena,gs,ncbi,s3	ena,gs.us-east1,ncbi.public,s3.us-east-1		True	78.28		2017-08-24		2018-11-16		large lake biome	freshwater lake	fresh water		water	ERX1957195	SAMEA103938075	True		P11.B2	HiSeq		UCSDMI	2017-03-24T13:18:42Z	2017-03-23T15:45:48Z	public	Illumina HiSeq 2000	53.517	945.P11.B2.lane3.NoIndex.L003	SINGLE	PCR	METAGENOMIC	GT	12.7		freshwater metagenome	FWD:GTGCCAGCMGCCGCGGTAA; REV:GGACTACHVGGGTWTCTAAT	8.31	ANL	True	ILLUMINA		GTGTGCCAGCMGCCGCGGTAA	True	2017-03-31T00:00:00Z		CCME	2012	2017-03-31T15:56:00Z	1	lane3_NoIndex_L003		.1,g			ANL	SAMEA103938075	qiita_sid_945:945.P11.B2.lane3.NoIndex.L003		fresh water	Sequencing by synthesis		ERP022245		qiita_sid_945:945.P11.B2.lane3.NoIndex.L003	16S rRNA	V4	14.0	0-10	Germany:Lake Tiefwaren Lake	deepest point	0.2micron	Germany	Europe	Lake Tiefwaren	9.0	86.0	9.0	Missing: Not provided	Missing: Not provided	6.3	14.0	2017-03-24T13:18:42Z	2017-03-23T15:45:48Z	freshwater metagenome
ERR1896819			P11.C9	OTHER		145	TGCAGTCCTCGA	5304648		PRJEB20123	SAMEA103938089	4316067	ANL	UNIVERSITY OF CALIFORNIA SAN DIEGO MICROBIOME INIT	Routine samples of German Lakes	2008-08-17		603.0	public		fastq,run.zq,sra	ena,gs,ncbi,s3	ena,gs.us-east1,ncbi.public,s3.us-east-1		True	78.28		2017-08-24		2018-11-16		large lake biome	freshwater lake	fresh water		water	ERX1957209	SAMEA103938089	True		P11.C9	HiSeq		UCSDMI	2017-03-24T13:18:42Z	2017-03-23T15:45:49Z	public	Illumina HiSeq 2000	53.517	945.P11.C9.lane3.NoIndex.L003	SINGLE	PCR	METAGENOMIC	GT	12.7		freshwater metagenome	FWD:GTGCCAGCMGCCGCGGTAA; REV:GGACTACHVGGGTWTCTAAT	8.56	ANL	True	ILLUMINA		GTGTGCCAGCMGCCGCGGTAA	True	2017-03-31T00:00:00Z		CCME	2012	2017-03-31T15:58:00Z	1	lane3_NoIndex_L003		.1,g			ANL	SAMEA103938089	qiita_sid_945:945.P11.C9.lane3.NoIndex.L003		fresh water	Sequencing by synthesis		ERP022245		qiita_sid_945:945.P11.C9.lane3.NoIndex.L003	16S rRNA	V4	16.7	0-2.5	Germany:Lake Tiefwaren Lake	deepest point	0.5micron	Germany	Europe	Lake Tiefwaren	11.2	115.0	11.2	Missing: Not provided	Missing: Not provided	6.7	16.7	2017-03-24T13:18:42Z	2017-03-23T15:45:49Z	freshwater metagenome
ERR1896840			P11.F10	OTHER		145	TACTACGTGGCC	5317168		PRJEB20123	SAMEA103938110	4303005	ANL	UNIVERSITY OF CALIFORNIA SAN DIEGO MICROBIOME INIT	Routine samples of German Lakes	2008-08-13		593.0	public		fastq,run.zq,sra	ena,gs,ncbi,s3	ena,gs.us-east1,ncbi.public,s3.us-east-1		True	78.28		2017-08-24		2018-11-16		large lake biome	freshwater lake	fresh water		water	ERX1957230	SAMEA103938110	True		P11.F10	HiSeq		UCSDMI	2017-03-24T13:18:42Z	2017-03-23T15:45:49Z	public	Illumina HiSeq 2000	53.517	945.P11.F10.lane3.NoIndex.L003	SINGLE	PCR	METAGENOMIC	GT	12.7		freshwater metagenome	FWD:GTGCCAGCMGCCGCGGTAA; REV:GGACTACHVGGGTWTCTAAT	8.24	ANL	True	ILLUMINA		GTGTGCCAGCMGCCGCGGTAA	True	2017-03-31T00:00:00Z		CCME	2012	2017-03-31T16:00:00Z	1	lane3_NoIndex_L003		.1,g			ANL	SAMEA103938110	qiita_sid_945:945.P11.F10.lane3.NoIndex.L003		fresh water	Sequencing by synthesis		ERP022245		qiita_sid_945:945.P11.F10.lane3.NoIndex.L003	16S rRNA	V4	12.2	0-10	Germany:Lake Tiefwaren Lake	deepest point	0.2micron	Germany	Europe	Lake Tiefwaren	9.5	88.0	9.5	Missing: Not provided	Missing: Not provided	5.0	12.2	2017-03-24T13:18:42Z	2017-03-23T15:45:49Z	freshwater metagenome
ERR1896854			P11.G5	OTHER		147	TACAGCGCATAC	5447837		PRJEB20123	SAMEA103938124	4394493	ANL	UNIVERSITY OF CALIFORNIA SAN DIEGO MICROBIOME INIT	Routine samples of German Lakes	2007-08-13		605.0	public		fastq,run.zq,sra	ena,gs,ncbi,s3	ena,gs.us-east1,ncbi.public,s3.us-east-1		True	78.28		2017-08-24		2018-11-16		large lake biome	freshwater lake	fresh water		water	ERX1957244	SAMEA103938124	True		P11.G5	HiSeq		UCSDMI	2017-03-24T13:18:42Z	2017-03-23T15:45:50Z	public	Illumina HiSeq 2000	53.517	945.P11.G5.lane3.NoIndex.L003	SINGLE	PCR	METAGENOMIC	GT	12.7		freshwater metagenome	FWD:GTGCCAGCMGCCGCGGTAA; REV:GGACTACHVGGGTWTCTAAT	8.42	ANL	True	ILLUMINA		GTGTGCCAGCMGCCGCGGTAA	True	2017-03-31T00:00:00Z		CCME	2012	2017-03-31T16:02:00Z	1	lane3_NoIndex_L003		.1,g			ANL	SAMEA103938124	qiita_sid_945:945.P11.G5.lane3.NoIndex.L003		fresh water	Sequencing by synthesis		ERP022245		qiita_sid_945:945.P11.G5.lane3.NoIndex.L003	16S rRNA	V4	4.8	0-10	Germany:Lake Tiefwaren Lake	deepest point	0.5micron	Germany	Europe	Lake Tiefwaren	13.1	102.0	13.1	Missing: Not provided	Missing: Not provided	4.9	4.8	2017-03-24T13:18:42Z	2017-03-23T15:45:50Z	freshwater metagenome
ERR1896864			P11.H3	OTHER		147	GTCCCTATTATC	5793016		PRJEB20123	SAMEA103938134	4656679	ANL	UNIVERSITY OF CALIFORNIA SAN DIEGO MICROBIOME INIT	Routine samples of German Lakes	2006-08-11		571.0	public		fastq,run.zq,sra	ena,gs,ncbi,s3	ena,gs.us-east1,ncbi.public,s3.us-east-1		True	78.28		2017-08-24		2018-11-16		large lake biome	freshwater lake	fresh water		water	ERX1957254	SAMEA103938134	True		P11.H3	HiSeq		UCSDMI	2017-03-24T13:18:42Z	2017-03-23T15:45:50Z	public	Illumina HiSeq 2000	53.517	945.P11.H3.lane3.NoIndex.L003	SINGLE	PCR	METAGENOMIC	GT	12.7		freshwater metagenome	FWD:GTGCCAGCMGCCGCGGTAA; REV:GGACTACHVGGGTWTCTAAT	8.6	ANL	True	ILLUMINA		GTGTGCCAGCMGCCGCGGTAA	True	2017-03-31T00:00:00Z		CCME	2012	2017-03-31T16:03:00Z	1	lane3_NoIndex_L003		.1,g			ANL	SAMEA103938134	qiita_sid_945:945.P11.H3.lane3.NoIndex.L003		fresh water	Sequencing by synthesis		ERP022245		qiita_sid_945:945.P11.H3.lane3.NoIndex.L003	16S rRNA	V4	24.3	0-2.5	Germany:Lake Tiefwaren Lake	deepest point	0.2micron	Germany	Europe	Lake Tiefwaren	10.4	124.0	10.4	Missing: Not provided	Missing: Not provided	3.3	24.3	2017-03-24T13:18:42Z	2017-03-23T15:45:50Z	freshwater metagenome
ERR1896999			P14.B12	OTHER		147	ACGAGACTGATT	5630312		PRJEB20123	SAMEA103938269	4522321	ANL	UNIVERSITY OF CALIFORNIA SAN DIEGO MICROBIOME INIT	Routine samples of German Lakes	2006-08-06		601.0	public		fastq,run.zq,sra	ena,gs,ncbi,s3	ena,gs.us-east1,ncbi.public,s3.us-east-1		True	78.28		2017-08-24		2018-11-16		large lake biome	freshwater lake	fresh water		water	ERX1957389	SAMEA103938269	True		P14.B12	HiSeq		UCSDMI	2017-03-24T13:18:42Z	2017-03-23T15:45:53Z	public	Illumina HiSeq 2000	53.517	945.P14.B12.lane3.NoIndex.L003	SINGLE	PCR	METAGENOMIC	GT	12.7		freshwater metagenome	FWD:GTGCCAGCMGCCGCGGTAA; REV:GGACTACHVGGGTWTCTAAT	8.0	ANL	True	ILLUMINA		GTGTGCCAGCMGCCGCGGTAA	True	2017-03-31T00:00:00Z		CCME	2012	2017-03-31T16:19:00Z	1	lane3_NoIndex_L003		.1,g			ANL	SAMEA103938269	qiita_sid_945:945.P14.B12.lane3.NoIndex.L003		fresh water	Sequencing by synthesis		ERP022245		qiita_sid_945:945.P14.B12.lane3.NoIndex.L003	16S rRNA	V4	10.7	0-10	Germany:Lake Tiefwaren Lake	deepest point	0.5micron	Germany	Europe	Lake Tiefwaren	8.8	79.0	8.8	Missing: Not provided	Missing: Not provided	6.65	10.7	2017-03-24T13:18:42Z	2017-03-23T15:45:53Z	freshwater metagenome
ERR1897029			P2.A4	OTHER		147	CAAACTGCGTTG	6324855		PRJEB20123	SAMEA103938299	4884799	ANL	UNIVERSITY OF CALIFORNIA SAN DIEGO MICROBIOME INIT	Routine samples of German Lakes	2005-08-10		288.0	public		fastq,run.zq,sra	ena,gs,ncbi,s3	ena,gs.us-east1,ncbi.public,s3.us-east-1		True	88.35		2017-08-24		2018-11-16		large lake biome	freshwater lake	fresh water		water	ERX1957419	SAMEA103938299	True		P2.A4	HiSeq		UCSDMI	2017-03-24T13:18:42Z	2017-03-23T15:45:54Z	public	Illumina HiSeq 2000	53.167	945.P2.A4.lane2.NoIndex.L002	SINGLE	PCR	METAGENOMIC	GT	13.033		freshwater metagenome	FWD:GTGCCAGCMGCCGCGGTAA; REV:GGACTACHVGGGTWTCTAAT	8.35	ANL	True	ILLUMINA		GTGTGCCAGCMGCCGCGGTAA	True	2017-03-31T00:00:00Z		CCME	2012	2017-03-31T16:22:00Z	1	lane2_NoIndex_L002		.1,g			ANL	SAMEA103938299	qiita_sid_945:945.P2.A4.lane2.NoIndex.L002		fresh water	Sequencing by synthesis		ERP022245		qiita_sid_945:945.P2.A4.lane2.NoIndex.L002	16S rRNA	V4	11.2	0-10	Germany:Stechlin Lake	deepest point	0.5micron	Germany	Europe	Stechlin	10.2	92.0	10.2	Missing: Not provided	Missing: Not provided	8.3	11.2	2017-03-24T13:18:42Z	2017-03-23T15:45:54Z	freshwater metagenome
